id,name,nameThai,templeId,yearsOrdained,languages,services,travels,bio,availability,note
monk_01,Phra Somchai Thammawaro,พระสมชาย ธมฺมวโร,wat_suan_dok,14,th|en,house_blessing|shop_blessing|monk_chat,true,"Ordained 14 years, based at Wat Suan Dok. Speaks Thai, English. Offers house / condo blessing, shop / office opening blessing, monk chat (conversation and culture), and visits homes and shops across Chiang Mai.",2026-09-26:morning;2026-09-28:evening;2026-09-29:morning;2026-09-30:evening;2026-10-01:morning;2026-10-02:evening;2026-10-03:morning;2026-10-05:evening;2026-10-06:morning;2026-10-07:evening;2026-10-08:morning;2026-10-09:evening,"demo #1: available Sat morning, closest to Nimman"
monk_02,Phra Somsak Aggavamso,พระสมศักดิ์ อคฺควํโส,wat_ket_karam,22,th|en|kham_mueang,house_blessing|memorial|meditation,true,"Ordained 22 years, based at Wat Ket Karam. Speaks Thai, English, Northern Thai (Kham Mueang). Offers house / condo blessing, memorial or merit-making at home, meditation guidance, one-on-one, and visits homes and shops across Chiang Mai.",2026-09-26:morning;2026-09-27:morning;2026-09-30:morning;2026-10-03:morning;2026-10-04:morning;2026-10-07:morning,"demo #2: available Sat morning, Ping River side"
monk_03,Phra Anan Yasodharo,พระอนันต์ ยโสธโร,wat_chedi_luang,9,th|en|zh,house_blessing|shop_blessing|vehicle_blessing|monk_chat,true,"Ordained 9 years, based at Wat Chedi Luang. Speaks Thai, English, Chinese. Offers house / condo blessing, shop / office opening blessing, vehicle blessing (car or motorbike), monk chat (conversation and culture), and visits homes and shops across Chiang Mai.",2026-09-27:morning;2026-09-28:morning;2026-09-29:afternoon;2026-10-01:morning;2026-10-02:afternoon;2026-10-04:morning;2026-10-05:morning;2026-10-06:afternoon;2026-10-08:morning;2026-10-09:afternoon,"demo #3: NOT available Sat morning, next slot Sunday"
monk_04,Phra Wichai Pannawuttho,พระวิชัย ปญฺญาวุฑฺโฒ,wat_suan_dok,27,th|en|ja,monk_chat|vehicle_blessing,false,"Ordained 27 years, based at Wat Suan Dok. Speaks Thai, English, Japanese. Offers monk chat (conversation and culture), vehicle blessing (car or motorbike), and receives visitors at the temple.",2026-09-26:afternoon|evening;2026-09-27:morning|afternoon|evening;2026-09-28:morning|afternoon|evening;2026-09-29:morning|evening;2026-09-30:afternoon;2026-10-01:afternoon;2026-10-02:morning;2026-10-03:afternoon|evening;2026-10-04:afternoon;2026-10-05:morning|evening;2026-10-07:morning|evening;2026-10-08:morning|afternoon;2026-10-09:morning|evening,
monk_05,Phra Prasit Kantasilo,พระประสิทธิ์ กนฺตสีโล,wat_umong,3,th|en,monk_chat|vehicle_blessing,false,"Ordained 3 years, based at Wat Umong. Speaks Thai, English. Offers monk chat (conversation and culture), vehicle blessing (car or motorbike), and receives visitors at the temple.",2026-09-26:afternoon|evening;2026-09-27:morning|afternoon;2026-09-28:morning|afternoon|evening;2026-09-29:evening;2026-09-30:morning;2026-10-01:afternoon;2026-10-03:evening;2026-10-04:afternoon;2026-10-05:morning|afternoon;2026-10-06:morning;2026-10-07:morning|evening;2026-10-08:morning;2026-10-09:morning,
monk_06,Phra Narong Kittisaro,พระณรงค์ กิตฺติสาโร,wat_chedi_luang,3,th|en|ja,meditation|monk_chat|vehicle_blessing,false,"Ordained 3 years, based at Wat Chedi Luang. Speaks Thai, English, Japanese. Offers meditation guidance, one-on-one, monk chat (conversation and culture), vehicle blessing (car or motorbike), and receives visitors at the temple.",2026-09-26:afternoon|evening;2026-09-27:morning|afternoon;2026-09-28:morning;2026-09-29:morning|evening;2026-09-30:afternoon;2026-10-01:morning|evening;2026-10-02:afternoon|evening;2026-10-03:morning|afternoon;2026-10-04:morning|afternoon|evening;2026-10-05:morning|afternoon;2026-10-06:morning;2026-10-07:afternoon;2026-10-08:morning|evening,
monk_07,Phra Thawat Khemako,พระธวัช เขมโก,wat_phra_singh,15,th|en,meditation|monk_chat|vehicle_blessing,false,"Ordained 15 years, based at Wat Phra Singh. Speaks Thai, English. Offers meditation guidance, one-on-one, monk chat (conversation and culture), vehicle blessing (car or motorbike), and receives visitors at the temple.",2026-09-26:afternoon;2026-09-27:morning;2026-09-28:morning;2026-09-29:evening;2026-09-30:morning|afternoon|evening;2026-10-03:morning|afternoon;2026-10-04:morning|afternoon;2026-10-05:morning|evening;2026-10-06:evening;2026-10-07:morning|afternoon;2026-10-09:morning|afternoon,
monk_08,Phra Kittipong Suddhacitto,พระกิตติพงษ์ สุทฺธจิตฺโต,wat_srisuphan,11,th|en,meditation|vehicle_blessing,false,"Ordained 11 years, based at Wat Srisuphan. Speaks Thai, English. Offers meditation guidance, one-on-one, vehicle blessing (car or motorbike), and receives visitors at the temple.",2026-09-26:afternoon|evening;2026-09-27:evening;2026-09-28:afternoon|evening;2026-09-29:afternoon;2026-10-01:morning|evening;2026-10-02:morning|afternoon;2026-10-03:afternoon|evening;2026-10-04:morning;2026-10-05:morning|afternoon;2026-10-06:afternoon|evening;2026-10-07:morning|afternoon|evening;2026-10-08:afternoon;2026-10-09:afternoon,
monk_09,Phra Chalerm Vimalo,พระเฉลิม วิมโล,wat_bupparam,29,th|en,meditation|monk_chat,false,"Ordained 29 years, based at Wat Bupparam. Speaks Thai, English. Offers meditation guidance, one-on-one, monk chat (conversation and culture), and receives visitors at the temple.",2026-09-27:evening;2026-09-28:afternoon|evening;2026-09-29:morning|afternoon|evening;2026-09-30:afternoon|evening;2026-10-01:morning|evening;2026-10-02:morning|afternoon|evening;2026-10-04:evening;2026-10-06:evening,
monk_10,Phra Sarawut Santikaro,พระสราวุธ สนฺติกโร,wat_ket_karam,28,th|en,meditation|monk_chat,false,"Ordained 28 years, based at Wat Ket Karam. Speaks Thai, English. Offers meditation guidance, one-on-one, monk chat (conversation and culture), and receives visitors at the temple.",2026-09-26:morning|afternoon|evening;2026-09-27:morning|evening;2026-09-28:afternoon|evening;2026-09-29:morning|afternoon|evening;2026-09-30:morning|evening;2026-10-01:afternoon|evening;2026-10-02:morning|afternoon;2026-10-03:evening;2026-10-04:morning|afternoon|evening;2026-10-05:afternoon|evening;2026-10-07:afternoon|evening;2026-10-09:afternoon,
monk_11,Phra Nattapong Piyadhammo,พระณัฐพงษ์ ปิยธมฺโม,wat_chai_mongkhon,7,th|en,meditation|monk_chat|vehicle_blessing,false,"Ordained 7 years, based at Wat Chai Mongkhon. Speaks Thai, English. Offers meditation guidance, one-on-one, monk chat (conversation and culture), vehicle blessing (car or motorbike), and receives visitors at the temple.",2026-09-26:morning|evening;2026-09-27:afternoon|evening;2026-09-28:morning;2026-09-29:morning;2026-09-30:afternoon|evening;2026-10-02:afternoon|evening;2026-10-03:morning|evening;2026-10-05:morning;2026-10-06:afternoon;2026-10-08:morning|afternoon|evening;2026-10-09:morning|afternoon,
monk_12,Phra Phichit Jotiko,พระพิชิต โชติโก,wat_doi_suthep,18,th|en,meditation|vehicle_blessing,false,"Ordained 18 years, based at Wat Phra That Doi Suthep. Speaks Thai, English. Offers meditation guidance, one-on-one, vehicle blessing (car or motorbike), and receives visitors at the temple.",2026-09-26:evening;2026-09-27:morning;2026-09-28:morning;2026-09-29:morning|evening;2026-09-30:afternoon|evening;2026-10-01:morning|evening;2026-10-02:afternoon|evening;2026-10-03:evening;2026-10-05:morning;2026-10-06:afternoon|evening;2026-10-07:morning|afternoon|evening;2026-10-09:afternoon,
monk_13,Phra Manop Cittasamvaro,พระมานพ จิตฺตสํวโร,wat_jed_yod,27,th|en,meditation|monk_chat,false,"Ordained 27 years, based at Wat Jed Yod. Speaks Thai, English. Offers meditation guidance, one-on-one, monk chat (conversation and culture), and receives visitors at the temple.",2026-09-26:afternoon;2026-09-29:morning|afternoon;2026-09-30:morning;2026-10-01:afternoon|evening;2026-10-02:morning|afternoon|evening;2026-10-03:afternoon|evening;2026-10-06:morning;2026-10-07:afternoon|evening;2026-10-09:morning|afternoon,
monk_14,Phra Surin Sirindharo,พระสุรินทร์ สิรินฺธโร,wat_lok_moli,6,th|en,meditation|monk_chat|vehicle_blessing,false,"Ordained 6 years, based at Wat Lok Moli. Speaks Thai, English. Offers meditation guidance, one-on-one, monk chat (conversation and culture), vehicle blessing (car or motorbike), and receives visitors at the temple.",2026-09-26:morning|evening;2026-09-27:evening;2026-09-28:morning|afternoon;2026-09-30:morning|afternoon;2026-10-01:evening;2026-10-02:morning;2026-10-03:afternoon;2026-10-04:morning|evening;2026-10-05:morning|evening;2026-10-06:morning;2026-10-08:evening;2026-10-09:evening,
monk_15,Phra Boonmee Nyanavaro,พระบุญมี ญาณวโร,wat_phan_tao,14,th|en,meditation|monk_chat,false,"Ordained 14 years, based at Wat Phan Tao. Speaks Thai, English. Offers meditation guidance, one-on-one, monk chat (conversation and culture), and receives visitors at the temple.",2026-09-26:afternoon;2026-09-28:morning|evening;2026-09-29:morning|afternoon|evening;2026-09-30:afternoon|evening;2026-10-01:afternoon;2026-10-03:morning|afternoon;2026-10-04:afternoon|evening;2026-10-05:morning;2026-10-06:morning|evening;2026-10-07:evening;2026-10-08:evening;2026-10-09:morning|afternoon|evening,
monk_16,Phra Sombat Sumedho,พระสมบัติ สุเมโธ,wat_chiang_man,9,th,house_blessing|shop_blessing|vehicle_blessing,true,"Ordained 9 years, based at Wat Chiang Man. Speaks Thai. Offers house / condo blessing, shop / office opening blessing, vehicle blessing (car or motorbike), and visits homes and shops across Chiang Mai.",2026-09-26:morning;2026-09-27:morning|afternoon;2026-09-28:afternoon;2026-09-29:morning|afternoon;2026-09-30:afternoon;2026-10-01:morning;2026-10-04:morning|afternoon;2026-10-05:afternoon;2026-10-06:morning;2026-10-07:morning|afternoon;2026-10-08:morning;2026-10-09:morning|afternoon,
monk_17,Phra Winai Ariyawangso,พระวินัย อริยวํโส,wat_mahawan,18,th|kham_mueang,house_blessing|memorial|shop_blessing|vehicle_blessing,true,"Ordained 18 years, based at Wat Mahawan. Speaks Thai, Northern Thai (Kham Mueang). Offers house / condo blessing, memorial or merit-making at home, shop / office opening blessing, vehicle blessing (car or motorbike), and visits homes and shops across Chiang Mai.",2026-09-26:morning;2026-09-27:afternoon;2026-09-29:afternoon;2026-09-30:morning;2026-10-01:afternoon;2026-10-04:morning;2026-10-07:morning;2026-10-08:morning;2026-10-09:morning|afternoon,
monk_18,Phra Thongchai Sucitto,พระธงชัย สุจิตฺโต,wat_saen_fang,4,th|kham_mueang,house_blessing|memorial|shop_blessing|vehicle_blessing,true,"Ordained 4 years, based at Wat Saen Fang. Speaks Thai, Northern Thai (Kham Mueang). Offers house / condo blessing, memorial or merit-making at home, shop / office opening blessing, vehicle blessing (car or motorbike), and visits homes and shops across Chiang Mai.",2026-09-26:morning|afternoon;2026-09-27:morning;2026-09-28:morning;2026-09-30:morning|afternoon;2026-10-01:morning|afternoon;2026-10-02:morning|afternoon;2026-10-03:morning;2026-10-05:morning|afternoon;2026-10-06:morning;2026-10-08:morning;2026-10-09:morning,
monk_19,Phra Adisak Thitadhammo,พระอดิศักดิ์ ฐิตธมฺโม,wat_chetawan,20,th,house_blessing|memorial|vehicle_blessing,true,"Ordained 20 years, based at Wat Chetawan. Speaks Thai. Offers house / condo blessing, memorial or merit-making at home, vehicle blessing (car or motorbike), and visits homes and shops across Chiang Mai.",2026-09-28:morning|afternoon;2026-09-29:morning;2026-10-01:afternoon;2026-10-02:afternoon;2026-10-03:morning;2026-10-04:morning;2026-10-05:afternoon;2026-10-06:morning;2026-10-07:morning|afternoon;2026-10-08:morning;2026-10-09:afternoon,
monk_20,Phra Kamon Dhammadharo,พระกมล ธมฺมธโร,wat_chai_mongkhon,4,th,memorial|shop_blessing|vehicle_blessing,true,"Ordained 4 years, based at Wat Chai Mongkhon. Speaks Thai. Offers memorial or merit-making at home, shop / office opening blessing, vehicle blessing (car or motorbike), and visits homes and shops across Chiang Mai.",2026-09-26:morning;2026-09-29:morning|afternoon;2026-09-30:morning;2026-10-01:morning|afternoon;2026-10-02:morning;2026-10-03:afternoon;2026-10-04:afternoon;2026-10-05:morning;2026-10-06:morning;2026-10-07:morning;2026-10-08:afternoon;2026-10-09:morning|afternoon,
monk_21,Phra Somchai Pannawuttho,พระสมชาย ปญฺญาวุฑฺโฒ,wat_srisuphan,21,th,house_blessing|memorial|vehicle_blessing,true,"Ordained 21 years, based at Wat Srisuphan. Speaks Thai. Offers house / condo blessing, memorial or merit-making at home, vehicle blessing (car or motorbike), and visits homes and shops across Chiang Mai.",2026-09-26:afternoon;2026-09-27:morning;2026-09-28:afternoon;2026-09-29:afternoon;2026-10-03:morning|afternoon;2026-10-04:afternoon;2026-10-07:morning|afternoon;2026-10-08:morning|afternoon,
monk_22,Phra Somsak Kantasilo,พระสมศักดิ์ กนฺตสีโล,wat_bupparam,24,th|kham_mueang,house_blessing|memorial|shop_blessing|vehicle_blessing,true,"Ordained 24 years, based at Wat Bupparam. Speaks Thai, Northern Thai (Kham Mueang). Offers house / condo blessing, memorial or merit-making at home, shop / office opening blessing, vehicle blessing (car or motorbike), and visits homes and shops across Chiang Mai.",2026-09-26:morning|afternoon;2026-09-27:morning;2026-09-28:morning|afternoon;2026-09-29:morning;2026-10-01:morning|afternoon;2026-10-02:morning;2026-10-04:afternoon;2026-10-07:morning|afternoon;2026-10-08:morning,
monk_23,Phra Anan Kittisaro,พระอนันต์ กิตฺติสาโร,wat_phan_tao,15,th|kham_mueang,house_blessing|memorial|shop_blessing|vehicle_blessing,true,"Ordained 15 years, based at Wat Phan Tao. Speaks Thai, Northern Thai (Kham Mueang). Offers house / condo blessing, memorial or merit-making at home, shop / office opening blessing, vehicle blessing (car or motorbike), and visits homes and shops across Chiang Mai.",2026-09-27:afternoon;2026-09-28:afternoon;2026-09-29:afternoon;2026-09-30:morning;2026-10-01:morning|afternoon;2026-10-02:morning|afternoon;2026-10-03:morning|afternoon;2026-10-05:morning;2026-10-06:afternoon;2026-10-07:morning;2026-10-09:morning,
monk_24,Phra Wichai Khemako,พระวิชัย เขมโก,wat_lok_moli,25,th|kham_mueang,house_blessing|memorial|shop_blessing|vehicle_blessing,true,"Ordained 25 years, based at Wat Lok Moli. Speaks Thai, Northern Thai (Kham Mueang). Offers house / condo blessing, memorial or merit-making at home, shop / office opening blessing, vehicle blessing (car or motorbike), and visits homes and shops across Chiang Mai.",2026-09-26:morning|afternoon;2026-09-27:afternoon;2026-09-28:morning;2026-09-29:morning|afternoon;2026-09-30:morning;2026-10-02:morning;2026-10-03:morning|afternoon;2026-10-04:afternoon;2026-10-05:morning|afternoon;2026-10-07:morning;2026-10-08:morning;2026-10-09:morning,
monk_25,Phra Prasit Suddhacitto,พระประสิทธิ์ สุทฺธจิตฺโต,wat_ket_karam,30,th|kham_mueang,house_blessing|memorial|vehicle_blessing,true,"Ordained 30 years, based at Wat Ket Karam. Speaks Thai, Northern Thai (Kham Mueang). Offers house / condo blessing, memorial or merit-making at home, vehicle blessing (car or motorbike), and visits homes and shops across Chiang Mai.",2026-09-26:morning;2026-09-28:morning;2026-09-29:afternoon;2026-09-30:morning;2026-10-01:afternoon;2026-10-02:morning;2026-10-03:morning;2026-10-05:morning;2026-10-07:morning;2026-10-08:morning,
monk_26,Phra Narong Vimalo,พระณรงค์ วิมโล,wat_suan_dok,20,th|kham_mueang,house_blessing|memorial|shop_blessing|vehicle_blessing,true,"Ordained 20 years, based at Wat Suan Dok. Speaks Thai, Northern Thai (Kham Mueang). Offers house / condo blessing, memorial or merit-making at home, shop / office opening blessing, vehicle blessing (car or motorbike), and visits homes and shops across Chiang Mai.",2026-09-26:morning|afternoon;2026-09-27:morning|afternoon;2026-09-28:morning;2026-09-29:afternoon;2026-09-30:morning|afternoon;2026-10-01:morning;2026-10-02:morning|afternoon;2026-10-04:morning|afternoon;2026-10-06:morning;2026-10-08:morning;2026-10-09:morning|afternoon,
monk_27,Phra Thawat Santikaro,พระธวัช สนฺติกโร,wat_umong,14,th|kham_mueang,house_blessing|shop_blessing|vehicle_blessing,true,"Ordained 14 years, based at Wat Umong. Speaks Thai, Northern Thai (Kham Mueang). Offers house / condo blessing, shop / office opening blessing, vehicle blessing (car or motorbike), and visits homes and shops across Chiang Mai.",2026-09-26:morning;2026-09-28:morning;2026-09-29:morning;2026-09-30:afternoon;2026-10-05:morning|afternoon;2026-10-06:morning;2026-10-07:morning;2026-10-08:morning|afternoon;2026-10-09:morning,
monk_28,Phra Kittipong Piyadhammo,พระกิตติพงษ์ ปิยธมฺโม,wat_jed_yod,20,th|en,meditation|memorial|shop_blessing,true,"Ordained 20 years, based at Wat Jed Yod. Speaks Thai, English. Offers meditation guidance, one-on-one, memorial or merit-making at home, shop / office opening blessing, and visits homes and shops across Chiang Mai.",2026-09-26:morning|afternoon|evening;2026-09-28:morning|afternoon;2026-09-30:morning|afternoon;2026-10-01:morning|afternoon;2026-10-02:morning|evening;2026-10-03:morning|afternoon|evening;2026-10-04:morning|evening;2026-10-05:morning|afternoon;2026-10-06:morning|afternoon|evening;2026-10-07:morning;2026-10-08:morning|afternoon;2026-10-09:afternoon|evening,
monk_29,Phra Chalerm Jotiko,พระเฉลิม โชติโก,wat_doi_suthep,7,th|en|zh,meditation|shop_blessing,true,"Ordained 7 years, based at Wat Phra That Doi Suthep. Speaks Thai, English, Chinese. Offers meditation guidance, one-on-one, shop / office opening blessing, and visits homes and shops across Chiang Mai.",2026-09-26:morning|afternoon;2026-09-27:morning|afternoon;2026-09-28:morning|evening;2026-09-29:morning|evening;2026-09-30:morning|afternoon|evening;2026-10-01:morning;2026-10-02:morning|afternoon|evening;2026-10-04:morning|afternoon|evening;2026-10-05:morning|afternoon;2026-10-07:morning;2026-10-09:evening,
monk_30,Phra Sarawut Cittasamvaro,พระสราวุธ จิตฺตสํวโร,wat_chiang_man,3,th|en,memorial|monk_chat,true,"Ordained 3 years, based at Wat Chiang Man. Speaks Thai, English. Offers memorial or merit-making at home, monk chat (conversation and culture), and visits homes and shops across Chiang Mai.",2026-09-26:afternoon|evening;2026-09-27:morning|afternoon|evening;2026-09-28:morning|afternoon;2026-09-29:morning|evening;2026-09-30:morning|evening;2026-10-01:morning|afternoon;2026-10-02:morning|afternoon;2026-10-03:evening;2026-10-04:afternoon|evening;2026-10-05:morning|afternoon;2026-10-06:morning|afternoon|evening;2026-10-08:morning|afternoon|evening;2026-10-09:evening,
monk_31,Phra Nattapong Sirindharo,พระณัฐพงษ์ สิรินฺธโร,wat_mahawan,26,th|en,memorial|monk_chat,true,"Ordained 26 years, based at Wat Mahawan. Speaks Thai, English. Offers memorial or merit-making at home, monk chat (conversation and culture), and visits homes and shops across Chiang Mai.",2026-09-27:morning|afternoon|evening;2026-09-28:afternoon|evening;2026-09-29:morning;2026-09-30:evening;2026-10-01:morning;2026-10-02:afternoon|evening;2026-10-04:morning;2026-10-05:morning|afternoon;2026-10-06:afternoon;2026-10-07:afternoon;2026-10-08:morning|afternoon;2026-10-09:morning|afternoon|evening,
monk_32,Phra Phichit Nyanavaro,พระพิชิต ญาณวโร,wat_saen_fang,23,th|en,meditation|memorial|shop_blessing,true,"Ordained 23 years, based at Wat Saen Fang. Speaks Thai, English. Offers meditation guidance, one-on-one, memorial or merit-making at home, shop / office opening blessing, and visits homes and shops across Chiang Mai.",2026-09-26:morning;2026-09-27:morning|afternoon;2026-09-28:afternoon|evening;2026-09-29:morning|afternoon|evening;2026-09-30:afternoon;2026-10-01:afternoon|evening;2026-10-02:afternoon|evening;2026-10-03:morning|afternoon|evening;2026-10-04:morning|afternoon;2026-10-05:morning|afternoon|evening;2026-10-07:morning|afternoon;2026-10-08:morning|evening;2026-10-09:morning,
monk_33,Phra Manop Sumedho,พระมานพ สุเมโธ,wat_chetawan,21,th|en,meditation|memorial|shop_blessing,true,"Ordained 21 years, based at Wat Chetawan. Speaks Thai, English. Offers meditation guidance, one-on-one, memorial or merit-making at home, shop / office opening blessing, and visits homes and shops across Chiang Mai.",2026-09-26:morning|afternoon|evening;2026-09-27:morning;2026-09-28:evening;2026-09-29:morning|afternoon;2026-10-01:morning;2026-10-03:afternoon|evening;2026-10-04:morning|afternoon|evening;2026-10-05:evening;2026-10-06:morning|evening;2026-10-07:morning|evening;2026-10-08:morning;2026-10-09:morning|evening,
monk_34,Phra Surin Ariyawangso,พระสุรินทร์ อริยวํโส,wat_phra_singh,7,th|en|zh,memorial|monk_chat|shop_blessing,true,"Ordained 7 years, based at Wat Phra Singh. Speaks Thai, English, Chinese. Offers memorial or merit-making at home, monk chat (conversation and culture), shop / office opening blessing, and visits homes and shops across Chiang Mai.",2026-09-26:morning;2026-09-27:evening;2026-09-28:afternoon|evening;2026-09-29:morning|evening;2026-09-30:afternoon|evening;2026-10-01:morning|evening;2026-10-02:morning;2026-10-03:afternoon;2026-10-04:morning;2026-10-05:afternoon|evening;2026-10-06:evening;2026-10-08:evening;2026-10-09:morning,
monk_35,Phra Boonmee Sucitto,พระบุญมี สุจิตฺโต,wat_chedi_luang,5,th,meditation|vehicle_blessing,false,"Ordained 5 years, based at Wat Chedi Luang. Speaks Thai. Offers meditation guidance, one-on-one, vehicle blessing (car or motorbike), and receives visitors at the temple.",2026-09-26:afternoon|evening;2026-09-27:morning|afternoon;2026-09-28:morning|evening;2026-09-29:afternoon;2026-09-30:morning|afternoon|evening;2026-10-02:evening;2026-10-03:morning;2026-10-04:afternoon;2026-10-06:morning;2026-10-07:afternoon;2026-10-08:morning|afternoon|evening;2026-10-09:afternoon,
monk_36,Phra Sombat Thitadhammo,พระสมบัติ ฐิตธมฺโม,wat_phra_singh,6,th,meditation|monk_chat,false,"Ordained 6 years, based at Wat Phra Singh. Speaks Thai. Offers meditation guidance, one-on-one, monk chat (conversation and culture), and receives visitors at the temple.",2026-09-27:morning;2026-09-28:morning|evening;2026-09-29:morning|evening;2026-09-30:afternoon;2026-10-01:afternoon;2026-10-02:evening;2026-10-04:morning|evening;2026-10-05:morning|afternoon;2026-10-06:afternoon|evening;2026-10-07:evening;2026-10-08:morning;2026-10-09:afternoon,
monk_37,Phra Winai Dhammadharo,พระวินัย ธมฺมธโร,wat_umong,14,th,meditation|vehicle_blessing,false,"Ordained 14 years, based at Wat Umong. Speaks Thai. Offers meditation guidance, one-on-one, vehicle blessing (car or motorbike), and receives visitors at the temple.",2026-09-26:morning|evening;2026-09-27:afternoon|evening;2026-09-28:afternoon|evening;2026-09-29:afternoon;2026-10-01:evening;2026-10-02:morning;2026-10-03:morning|afternoon;2026-10-04:afternoon|evening;2026-10-05:morning;2026-10-06:morning|afternoon|evening;2026-10-09:morning|afternoon,
monk_38,Phra Thongchai Thammawaro,พระธงชัย ธมฺมวโร,wat_doi_suthep,22,th,meditation|vehicle_blessing,false,"Ordained 22 years, based at Wat Phra That Doi Suthep. Speaks Thai. Offers meditation guidance, one-on-one, vehicle blessing (car or motorbike), and receives visitors at the temple.",2026-09-26:afternoon|evening;2026-09-28:morning|afternoon|evening;2026-09-29:afternoon|evening;2026-09-30:morning;2026-10-01:morning;2026-10-02:evening;2026-10-03:afternoon|evening;2026-10-05:morning;2026-10-06:morning;2026-10-07:afternoon;2026-10-08:morning;2026-10-09:afternoon|evening,
monk_39,Phra Adisak Aggavamso,พระอดิศักดิ์ อคฺควํโส,wat_jed_yod,6,th,meditation|monk_chat,false,"Ordained 6 years, based at Wat Jed Yod. Speaks Thai. Offers meditation guidance, one-on-one, monk chat (conversation and culture), and receives visitors at the temple.",2026-09-27:morning;2026-09-28:morning|evening;2026-09-30:morning;2026-10-01:morning|afternoon;2026-10-02:morning|afternoon|evening;2026-10-03:morning;2026-10-04:afternoon|evening;2026-10-05:morning|evening;2026-10-06:afternoon;2026-10-07:evening;2026-10-08:morning|afternoon;2026-10-09:afternoon|evening,
monk_40,Phra Kamon Yasodharo,พระกมล ยโสธโร,wat_saen_fang,4,th,meditation|monk_chat,false,"Ordained 4 years, based at Wat Saen Fang. Speaks Thai. Offers meditation guidance, one-on-one, monk chat (conversation and culture), and receives visitors at the temple.",2026-09-26:afternoon;2026-09-27:morning;2026-09-28:morning|afternoon;2026-09-29:morning|afternoon|evening;2026-09-30:afternoon|evening;2026-10-01:evening;2026-10-03:afternoon;2026-10-04:morning|afternoon|evening;2026-10-05:morning|afternoon;2026-10-06:morning|evening;2026-10-07:morning|afternoon;2026-10-08:morning|evening;2026-10-09:afternoon,
